{
  "_fv": 18,
  "_type": "recipe",
  "definition": {
    "recipeType": "Crafting",
    "xpReward": 0.0,
    "cookingTime": 200,
    "recipeRetstackSize": 1,
    "group": "",
    "recipeShapeless": true,
    "recipeSlots": [
      {
        "value": "Items.SPIDER_EYE"
      },
      {
        "value": "Items.DYE#4"
      },
      {
        "value": "Items.STRING"
      },
      {
        "value": "Items.DYE#4"
      },
      {
        "value": "Items.BOOK"
      },
      {
        "value": "Items.DYE#4"
      },
      {
        "value": "Blocks.IRON_BLOCK"
      },
      {
        "value": "Items.DYE#4"
      },
      {
        "value": "Items.FERMENTED_SPIDER_EYE"
      }
    ],
    "recipeReturnStack": {
      "value": "CUSTOM:BaneOfArthropodsBook"
    },
    "name": "bane_of_arthropods",
    "namespace": "mod"
  }
}