{
  "_fv": 18,
  "_type": "recipe",
  "definition": {
    "recipeType": "Crafting",
    "xpReward": 0.0,
    "cookingTime": 200,
    "recipeRetstackSize": 1,
    "group": "",
    "recipeShapeless": true,
    "recipeSlots": [
      {
        "value": "Items.GOLDEN_PICKAXE"
      },
      {
        "value": "Items.DYE#4"
      },
      {
        "value": "Items.IRON_PICKAXE"
      },
      {
        "value": "Items.DYE#4"
      },
      {
        "value": "Items.BOOK"
      },
      {
        "value": "Items.DYE#4"
      },
      {
        "value": "Items.DIAMOND_PICKAXE"
      },
      {
        "value": "Items.DYE#4"
      },
      {
        "value": "Items.STONE_PICKAXE"
      }
    ],
    "recipeReturnStack": {
      "value": "CUSTOM:EfficiencyBook"
    },
    "name": "efficiency",
    "namespace": "mod"
  }
}