{"stats":{"minecraft:custom":{"minecraft:time_since_rest":9026,"minecraft:play_one_minute":9026,"minecraft:crouch_one_cm":2110,"minecraft:sprint_one_cm":5334,"minecraft:damage_taken":10,"minecraft:walk_one_cm":8568,"minecraft:sneak_time":812,"minecraft:jump":33,"minecraft:leave_game":1,"minecraft:time_since_death":9026,"minecraft:fall_one_cm":335,"minecraft:fly_one_cm":23537},"minecraft:picked_up":{"minecraft:black_terracotta":6,"minecraft:spruce_planks":3,"minecraft:oak_planks":10},"minecraft:used":{"minecraft:black_terracotta":25,"minecraft:diamond_block":16,"minecraft:oak_planks":26,"minecraft:netherite_pickaxe":6,"minecraft:netherite_axe":13,"minecraft:spruce_planks":16,"minecraft:cyan_wool":24},"minecraft:mined":{"minecraft:spruce_planks":3,"minecraft:black_terracotta":6,"minecraft:oak_planks":10}},"DataVersion":2586}