{
  "_fv": 18,
  "_type": "recipe",
  "definition": {
    "recipeType": "Crafting",
    "xpReward": 0.0,
    "cookingTime": 200,
    "recipeRetstackSize": 1,
    "group": "",
    "recipeShapeless": true,
    "recipeSlots": [
      {
        "value": "Items.TRIDENT"
      },
      {
        "value": "Items.DYE#4"
      },
      {
        "value": "Blocks.GOLD_BLOCK"
      },
      {
        "value": "Items.DYE#4"
      },
      {
        "value": "Items.BOOK"
      },
      {
        "value": "Items.DYE#4"
      },
      {
        "value": "Blocks.GOLD_BLOCK"
      },
      {
        "value": "Items.DYE#4"
      },
      {
        "value": "Items.TRIDENT"
      }
    ],
    "recipeReturnStack": {
      "value": "CUSTOM:ChannelingBook"
    },
    "name": "channeling",
    "namespace": "mod"
  }
}