{
  "_fv": 18,
  "_type": "recipe",
  "definition": {
    "recipeType": "Crafting",
    "xpReward": 0.0,
    "cookingTime": 200,
    "recipeRetstackSize": 1,
    "group": "",
    "recipeShapeless": true,
    "recipeSlots": [
      {
        "value": "Items.DIAMOND_BOOTS"
      },
      {
        "value": "Items.DYE#4"
      },
      {
        "value": "Items.FEATHER"
      },
      {
        "value": "Items.DYE#4"
      },
      {
        "value": "Items.BOOK"
      },
      {
        "value": "Items.DYE#4"
      },
      {
        "value": "Items.FEATHER"
      },
      {
        "value": "Items.DYE#4"
      },
      {
        "value": "Items.DIAMOND_BOOTS"
      }
    ],
    "recipeReturnStack": {
      "value": "CUSTOM:FeatherFallingBook"
    },
    "name": "feather_falling",
    "namespace": "mod"
  }
}