{
  "group": "enchantedness",
  "type": "minecraft:crafting_shapeless",
  "ingredients": [
    {
      "item": "minecraft:tnt"
    },
    {
      "item": "minecraft:lapis_lazuli"
    },
    {
      "item": "minecraft:gold_block"
    },
    {
      "item": "minecraft:lapis_lazuli"
    },
    {
      "item": "minecraft:book"
    },
    {
      "item": "minecraft:lapis_lazuli"
    },
    {
      "item": "minecraft:gold_block"
    },
    {
      "item": "minecraft:lapis_lazuli"
    },
    {
      "item": "minecraft:tnt"
    }
  ],
  "result": {
    "item": "enchantedness:blast_protection_book",
    "count": 1
  }
}