{
  "group": "enchantedness",
  "type": "minecraft:crafting_shapeless",
  "ingredients": [
    {
      "item": "minecraft:gold_block"
    },
    {
      "item": "minecraft:lapis_lazuli"
    },
    {
      "item": "minecraft:iron_block"
    },
    {
      "item": "minecraft:lapis_lazuli"
    },
    {
      "item": "minecraft:book"
    },
    {
      "item": "minecraft:lapis_lazuli"
    },
    {
      "item": "minecraft:diamond_block"
    },
    {
      "item": "minecraft:lapis_lazuli"
    },
    {
      "item": "minecraft:coal_block"
    }
  ],
  "result": {
    "item": "enchantedness:fortune_book",
    "count": 1
  }
}