{
    "type": "minecraft:crafting_shapeless",
    "ingredients": [
        {
            "item": "minecraft:gold_block"
        },
        {
            "item": "minecraft:gold_block"
        },
        {
            "item": "minecraft:gold_block"
        },
        {
            "item": "minecraft:gold_block"
        },
        {
            "item": "minecraft:apple"
        },
        {
            "item": "minecraft:gold_block"
        },
        {
            "item": "minecraft:gold_block"
        },
        {
            "item": "minecraft:gold_block"
        },
        {
            "item": "minecraft:gold_block"
        }
    ],
    "result": {
        "item": "minecraft:enchanted_golden_apple",
        "count": 1
    }
}