{
    "type": "minecraft:chest",
    "pools": [
        {
            "rolls": {
                "min": 2,
                "max": 6,
                "type": "minecraft:uniform"
            },
            "entries": [
                {
                    "type": "minecraft:item",
                    "weight": 5,
                    "functions": [
                        {
                            "function": "minecraft:set_count",
                            "count": {
                                "min": 2,
                                "max": 7,
                                "type": "minecraft:uniform"
                            }
                        }
                    ],
                    "name": "minecraft:diamond"
                },
                {
                    "type": "minecraft:item",
                    "weight": 10,
                    "functions": [
                        {
                            "function": "minecraft:set_count",
                            "count": {
                                "min": 10,
                                "max": 20,
                                "type": "minecraft:uniform"
                            }
                        }
                    ],
                    "name": "minecraft:iron_ingot"
                },
                {
                    "type": "minecraft:item",
                    "weight": 15,
                    "functions": [
                        {
                            "function": "minecraft:set_count",
                            "count": {
                                "min": 50,
                                "max": 60,
                                "type": "minecraft:uniform"
                            }
                        }
                    ],
                    "name": "minecraft:gold_ingot"
                },
                {
                    "type": "minecraft:item",
                    "weight": 2,
                    "functions": [
                        {
                            "function": "minecraft:set_count",
                            "count": {
                                "min": 40,
                                "max": 50,
                                "type": "minecraft:uniform"
                            }
                        }
                    ],
                    "name": "minecraft:emerald"
                },
                {
                    "type": "minecraft:item",
                    "weight": 5,
                    "functions": [
                        {
                            "function": "minecraft:set_count",
                            "count": {
                                "min": 20,
                                "max": 30,
                                "type": "minecraft:uniform"
                            }
                        }
                    ],
                    "name": "minecraft:beetroot_seeds"
                },
                {
                    "type": "minecraft:item",
                    "weight": 3,
                    "name": "minecraft:saddle"
                },
                {
                    "type": "minecraft:item",
                    "name": "minecraft:iron_horse_armor"
                },
                {
                    "type": "minecraft:item",
                    "name": "minecraft:golden_horse_armor"
                },
                {
                    "type": "minecraft:item",
                    "name": "minecraft:diamond_horse_armor"
                },
                {
                    "type": "minecraft:item",
                    "weight": 3,
                    "functions": [
                        {
                            "function": "minecraft:enchant_with_levels",
                            "levels": {
                                "min": 20,
                                "max": 39,
                                "type": "minecraft:uniform"
                            },
                            "treasure": true
                        }
                    ],
                    "name": "minecraft:netherite_sword"
                },
                {
                    "type": "minecraft:item",
                    "weight": 3,
                    "functions": [
                        {
                            "function": "minecraft:enchant_with_levels",
                            "levels": {
                                "min": 20,
                                "max": 39,
                                "type": "minecraft:uniform"
                            },
                            "treasure": true
                        }
                    ],
                    "name": "minecraft:netherite_boots"
                },
                {
                    "type": "minecraft:item",
                    "weight": 3,
                    "functions": [
                        {
                            "function": "minecraft:enchant_with_levels",
                            "levels": {
                                "min": 20,
                                "max": 39,
                                "type": "minecraft:uniform"
                            },
                            "treasure": true
                        }
                    ],
                    "name": "minecraft:netherite_chestplate"
                },
                {
                    "type": "minecraft:item",
                    "weight": 3,
                    "functions": [
                        {
                            "function": "minecraft:enchant_with_levels",
                            "levels": {
                                "min": 20,
                                "max": 39,
                                "type": "minecraft:uniform"
                            },
                            "treasure": true
                        }
                    ],
                    "name": "minecraft:netherite_leggings"
                },
                {
                    "type": "minecraft:item",
                    "weight": 3,
                    "functions": [
                        {
                            "function": "minecraft:enchant_with_levels",
                            "levels": {
                                "min": 20,
                                "max": 39,
                                "type": "minecraft:uniform"
                            },
                            "treasure": true
                        }
                    ],
                    "name": "minecraft:netherite_helmet"
                },
                {
                    "type": "minecraft:item",
                    "weight": 3,
                    "functions": [
                        {
                            "function": "minecraft:enchant_with_levels",
                            "levels": {
                                "min": 20,
                                "max": 39,
                                "type": "minecraft:uniform"
                            },
                            "treasure": true
                        }
                    ],
                    "name": "minecraft:netherite_pickaxe"
                },
                {
                    "type": "minecraft:item",
                    "weight": 3,
                    "functions": [
                        {
                            "function": "minecraft:enchant_with_levels",
                            "levels": {
                                "min": 20,
                                "max": 39,
                                "type": "minecraft:uniform"
                            },
                            "treasure": true
                        }
                    ],
                    "name": "minecraft:netherite_shovel"
                },
                {
                    "type": "minecraft:item",
                    "weight": 3,
                    "functions": [
                        {
                            "function": "minecraft:enchant_with_levels",
                            "levels": {
                                "min": 20,
                                "max": 39,
                                "type": "minecraft:uniform"
                            },
                            "treasure": true
                        }
                    ],
                    "name": "minecraft:iron_sword"
                },
                {
                    "type": "minecraft:item",
                    "weight": 3,
                    "functions": [
                        {
                            "function": "minecraft:enchant_with_levels",
                            "levels": {
                                "min": 20,
                                "max": 39,
                                "type": "minecraft:uniform"
                            },
                            "treasure": true
                        }
                    ],
                    "name": "minecraft:iron_boots"
                },
                {
                    "type": "minecraft:item",
                    "weight": 3,
                    "functions": [
                        {
                            "function": "minecraft:enchant_with_levels",
                            "levels": {
                                "min": 20,
                                "max": 39,
                                "type": "minecraft:uniform"
                            },
                            "treasure": true
                        }
                    ],
                    "name": "minecraft:iron_chestplate"
                },
                {
                    "type": "minecraft:item",
                    "weight": 3,
                    "functions": [
                        {
                            "function": "minecraft:enchant_with_levels",
                            "levels": {
                                "min": 20,
                                "max": 39,
                                "type": "minecraft:uniform"
                            },
                            "treasure": true
                        }
                    ],
                    "name": "minecraft:iron_leggings"
                },
                {
                    "type": "minecraft:item",
                    "weight": 3,
                    "functions": [
                        {
                            "function": "minecraft:enchant_with_levels",
                            "levels": {
                                "min": 20,
                                "max": 39,
                                "type": "minecraft:uniform"
                            },
                            "treasure": true
                        }
                    ],
                    "name": "minecraft:diamond_helmet"
                },
                {
                    "type": "minecraft:item",
                    "weight": 3,
                    "functions": [
                        {
                            "function": "minecraft:enchant_with_levels",
                            "levels": {
                                "min": 20,
                                "max": 39,
                                "type": "minecraft:uniform"
                            },
                            "treasure": true
                        }
                    ],
                    "name": "minecraft:diamond_pickaxe"
                },
	       {
                    "type": "minecraft:item",
                    "weight": 5,
                    "functions": [
                        {
                            "function": "minecraft:set_count",
                            "count": {
                                "min": 2,
                                "max": 7,
                                "type": "minecraft:uniform"
                            }
                        }
                    ],
                    "name": "minecraft:diamond_block"
                },
                {
                    "type": "minecraft:item",
                    "weight": 5,
                    "functions": [
                        {
                            "function": "minecraft:set_count",
                            "count": {
                                "min": 1,
                                "max": 3,
                                "type": "minecraft:uniform"
                            }
                        }
                    ],
                    "name": "minecraft:netherite_block"
                },
                {
                    "type": "minecraft:item",
                    "weight": 3,
                    "functions": [
                        {
                            "function": "minecraft:enchant_with_levels",
                            "levels": {
                                "min": 20,
                                "max": 39,
                                "type": "minecraft:uniform"
                            },
                            "treasure": true
                        }
                    ],
                    "name": "minecraft:diamond_shovel"
                }
            ]
        }
    ]
}