{
  "group": "enchantedness",
  "type": "minecraft:crafting_shapeless",
  "ingredients": [
    {
      "item": "minecraft:spider_eye"
    },
    {
      "item": "minecraft:lapis_lazuli"
    },
    {
      "item": "minecraft:string"
    },
    {
      "item": "minecraft:lapis_lazuli"
    },
    {
      "item": "minecraft:book"
    },
    {
      "item": "minecraft:lapis_lazuli"
    },
    {
      "item": "minecraft:iron_block"
    },
    {
      "item": "minecraft:lapis_lazuli"
    },
    {
      "item": "minecraft:fermented_spider_eye"
    }
  ],
  "result": {
    "item": "enchantedness:bane_of_arthropods_book",
    "count": 1
  }
}