{
  "group": "enchantedness",
  "type": "minecraft:crafting_shapeless",
  "ingredients": [
    {
      "item": "minecraft:diamond_boots"
    },
    {
      "item": "minecraft:lapis_lazuli"
    },
    {
      "item": "minecraft:feather"
    },
    {
      "item": "minecraft:lapis_lazuli"
    },
    {
      "item": "minecraft:book"
    },
    {
      "item": "minecraft:lapis_lazuli"
    },
    {
      "item": "minecraft:feather"
    },
    {
      "item": "minecraft:lapis_lazuli"
    },
    {
      "item": "minecraft:diamond_boots"
    }
  ],
  "result": {
    "item": "enchantedness:feather_falling_book",
    "count": 1
  }
}