{
  "group": "enchantedness",
  "type": "minecraft:crafting_shapeless",
  "ingredients": [
    {
      "item": "minecraft:golden_pickaxe"
    },
    {
      "item": "minecraft:lapis_lazuli"
    },
    {
      "item": "minecraft:iron_pickaxe"
    },
    {
      "item": "minecraft:lapis_lazuli"
    },
    {
      "item": "minecraft:book"
    },
    {
      "item": "minecraft:lapis_lazuli"
    },
    {
      "item": "minecraft:diamond_pickaxe"
    },
    {
      "item": "minecraft:lapis_lazuli"
    },
    {
      "item": "minecraft:stone_pickaxe"
    }
  ],
  "result": {
    "item": "enchantedness:efficiency_book",
    "count": 1
  }
}