{
    "type": "minecraft:crafting_shapeless",
    "ingredients": [
        {
            "item": "minecraft:redstone"
        },
        {
            "item": "minecraft:redstone"
        },
        {
            "item": "minecraft:redstone"
        },
        {
            "item": "minecraft:redstone"
        },
        {
            "item": "minecraft:stone"
        },
        {
            "item": "minecraft:redstone"
        },
        {
            "item": "minecraft:redstone"
        },
        {
            "item": "minecraft:redstone"
        },
        {
            "item": "minecraft:redstone"
        }
    ],
    "result": {
        "item": "minecraft:redstone_ore",
        "count": 1
    }
}